{"cameraMode":{"drawMode":0,"name":"Shaded","section":"Shading Mode"},"sceneLighting":false,"audioPlay":false,"sceneViewState":{"m_AlwaysRefresh":false,"showFog":true,"showSkybox":true,"showFlares":true,"showImageEffects":true,"showParticleSystems":true,"showVisualEffectGraphs":true,"m_FxEnabled":true},"in2DMode":false,"pivot":{"x":11.118704795837403,"y":1.665177583694458,"z":-0.19655203819274903},"rotation":{"x":-0.027195043861865999,"y":0.40950486063957217,"z":-0.012201767414808274,"w":-0.9118580222129822},"size":1.6125702857971192,"orthographic":false}